#only-hot-women	1	1	GIF	NONE
#w-y-s-f	1	1	GIF	NONE
1001spankingfantasies	1	1	GIF	NONE
2016-bdsm-schoolgirls	1	1	GIF	NONE
2016-bdsm-spanking	1	0	GIF	NONE
4ra-k	1	1	GIF	NONE
64cardinals	1	0	GIF	NONE
66monza	1	1	GIF	NONE
a-a-s-s-k	1	1	GIF	NONE
abcabc1212	1	1	GIF	NONE
abeautifulridethrulife	1	1	GIF	NONE
abusedasses	1	1	GIF	NONE
acrossmylap	1	1	GIF	NONE
adominanthand	1	1	GIF	NONE
adominantsprogress	1	0	GIF	NONE
adur2000	1	1	GIF	NONE
adventurebuns1	1	1	GIF	NONE
aertzkomplex	1	1	GIF	NONE
afterspankingglow	1	1	GIF	NONE
agathe-punie	1	1	GIF	NONE
agnesnahas	1	1	GIF	NONE
agonyspanking	1	1	GIF	NONE
aguidinghand	1	1	GIF	NONE
akazya	1	0	GIF	NONE
akubrachick-dislikes	1	1	GIF	NONE
al1983z	1	1	GIF	NONE
alandaviesdisciplinarian	1	1	GIF	NONE
albinoknife	0	0	GIF	NONE
alcoholic-dog-mom	1	1	GIF	NONE
alcovesparisiennes	1	0	GIF	NONE
alekch4	1	1	GIF	NONE
alexandr2378	1	1	GIF	NONE
alexinspankingland	1	0	GIF	NONE
alias-alias	1	1	GIF	NONE
alice-is-wet	1	1	GIF	NONE
alice-littlegirl	1	1	GIF	NONE
alice215685	1	1	GIF	NONE
aliceblushes	1	1	GIF	NONE
alicelilgirl	1	1	GIF	NONE
aliens-in-love	1	1	GIF	NONE
alittlebitcheeky	1	1	GIF	NONE
all-booty	1	1	GIF	NONE
alley-the-princess	1	1	GIF	NONE
allie-elizabeth31	1	1	GIF	NONE
allisonspankingfantasy	1	1	GIF	NONE
allkman	0	1	GIF	NONE
allmymostfavouritethings	1	1	GIF	NONE
allthespankings	1	1	GIF	NONE
alwaysnaughty-blog	1	1	GIF	NONE
amariseliane	1	1	GIF	NONE
amateurbuttsplus	1	1	GIF	NONE
amateurnakednudies	1	1	GIF	NONE
amazingtaliyah-spanking	1	1	GIF	NONE
amnasonov	1	0	GIF	NONE
an-ineffable-life	1	1	GIF	NONE
anachroniqueprincessa	1	0	GIF	NONE
analwife	1	1	GIF	NONE
ananvi1101	1	1	GIF	NONE
andiunion	0	0	GIF	NONE
andyratuk	1	1	GIF	NONE
anewspankee	1	1	GIF	NONE
angel6babyy	1	1	GIF	NONE
angelomysterios0	1	1	GIF	NONE
anintrovertswhip	1	1	GIF	NONE
annoyingwizard	1	1	GIF	NONE
anonfitcouple	1	1	GIF	NONE
anothersuicidegiirl	1	1	GIF	NONE
anticipate-the-rod	1	1	GIF	NONE
apologyofhiddendesires	1	1	GIF	NONE
appliedrattan	1	1	GIF	NONE
approbativefascination	1	1	GIF	NONE
aproperhandful	1	1	GIF	NONE
archiveofpunishments	1	0	GIF	NONE
artbyluxje	1	1	GIF	NONE
aryon111	1	1	GIF	NONE
asajones2	0	1	GIF	NONE
asdred	1	1	GIF	NONE
asianbeautyass	1	0	GIF	NONE
aspankedwife	1	1	GIF	NONE
aspankingbdsmblog	1	1	GIF	NONE
ass-spanking	1	1	GIF	NONE
ass-ume-the-position	1	1	GIF	NONE
assandcat	1	1	GIF	NONE
assbrats-blog	1	1	GIF	NONE
assburnerberlinblog	1	1	GIF	NONE
asschahat	1	1	GIF	NONE
asscortgirl	1	1	GIF	NONE
assesnbutts	1	1	GIF	NONE
asslov	1	1	GIF	NONE
assplugclub	1	1	GIF	NONE
asstag	1	1	GIF	NONE
assumetheposition369	1	1	GIF	NONE
assumethepositionlittleone	1	1	GIF	NONE
assumethepositionstudios	1	1	GIF	NONE
assumethepositionx	1	1	GIF	NONE
asswhippers	1	1	GIF	NONE
asubssoul2013	1	1	GIF	NONE
asurbanipalus	1	1	GIF	NONE
atmospheric-beauty	1	0	GIF	NONE
atpspanking	1	0	GIF	NONE
atxvoyeur	1	1	GIF	NONE
aubenoire	1	1	GIF	NONE
audreyknightspanking360	1	1	GIF	NONE
auntieagony	1	1	GIF	NONE
autumnwyne	1	0	GIF	NONE
awesomepleasantpatrolbouquet	1	1	GIF	NONE
azotadas	1	1	GIF	NONE
b3683	1	1	GIF	NONE
babby-gurl	1	1	GIF	NONE
babesintightshorts	1	1	GIF	NONE
baby--sass	1	1	GIF	NONE
baby-got-back-bubble	1	1	GIF	NONE
babygirlrn89	1	1	GIF	NONE
babyjenks13	1	1	GIF	NONE
babysofft	1	1	GIF	NONE
babysubmissive	0	0	GIF	NONE
babyswitch	1	1	GIF	NONE
badboy4spanking	1	0	GIF	NONE
badboytospank	1	1	GIF	NONE
badnaughtymommy	1	1	GIF	NONE
baesaesthetics	1	1	GIF	NONE
balthusix	1	0	GIF	NONE
bare-bottom-spanking	1	1	GIF	NONE
bare-bottoms-115	1	1	GIF	NONE
bareassappreciation	1	1	GIF	NONE
barebackspankbottoms	0	0	GIF	NONE
barebottomspankings	1	1	GIF	NONE
barefeetwhippings	0	1	GIF	NONE
barefeetwhippings	1	1	GIF	NONE
barefootspanking	1	0	GIF	NONE
barefootspankings-blog	1	0	GIF	NONE
bareherself	1	1	GIF	NONE
bareskingypsies	1	1	GIF	NONE
batman4vr	1	1	GIF	NONE
batslaveboyblog	1	1	GIF	NONE
baybeegirl87	1	1	GIF	NONE
bbbsha	1	1	GIF	NONE
bbgirl-lana-blog	1	1	GIF	NONE
bbgurl82	1	1	GIF	NONE
bbybrattybee	1	1	GIF	NONE
bdsm69	1	1	GIF	NONE
bdsmandblowjobs	1	0	GIF	NONE
bdsmgeek	0	0	GIF	NONE
beasty-spankingmeagan	1	1	GIF	NONE
beastyspanking-enna	1	1	GIF	NONE
beastyspankingflorence	1	1	GIF	NONE
beastyspankingtabitha	1	1	GIF	NONE
beateduisburg	1	1	GIF	NONE
beatenabusedandbruised	1	0	GIF	NONE
beautieseverywhere007	1	1	GIF	NONE
beautifullybruised	1	1	GIF	NONE
beautyanal	1	1	GIF	NONE
becauseheisincharge	1	1	GIF	NONE
belles-jeunes-femmes	1	1	GIF	NONE
belowpantiessecrets	1	1	GIF	NONE
beltromance	1	1	GIF	NONE
belts-to-bottoms	1	1	GIF	NONE
bendoverandgrabyourankles	1	1	GIF	NONE
bendoverhoney	1	0	GIF	NONE
benhdover	1	1	GIF	NONE
berenicepro	1	0	GIF	NONE
beresgt9ijw2	1	1	GIF	NONE
best-spanking-pictures	1	0	GIF	NONE
bethanywantsaspanking	1	1	GIF	NONE
bibliophile-exhibitionism	1	1	GIF	NONE
bibliotecaerotica	1	1	GIF	NONE
big-b71	1	1	GIF	NONE
bigbottombabes	1	1	GIF	NONE
bigdaddyspankmehard	1	1	GIF	NONE
biggirlspanker	1	1	GIF	NONE
biglove2016	1	1	GIF	NONE
bigwhootycentral	1	1	GIF	NONE
billenkoek	1	1	GIF	NONE
billenmeisje	1	1	GIF	NONE
bimenyjob	1	1	GIF	NONE
blackdomesticdiscipline	1	1	GIF	NONE
blisteredbottoms	1	1	GIF	NONE
blisteredbutts	1	1	GIF	NONE
blog.alittlebitcheeky	1	1	GIF	NONE
blog.corwinprescott.com	1	1	GIF	NONE
blogabroad	1	0	GIF	NONE
blogcarabas	1	1	GIF	NONE
bloodcaning	1	1	GIF	NONE
blop33	1	1	GIF	NONE
bobspornblog	1	1	GIF	NONE
boise-discipline-spanking	1	1	GIF	NONE
bombbitches	0	0	GIF	NONE
books-and-spankings	1	1	GIF	NONE
bootiesbeingspanked	1	1	GIF	NONE
bootyfullwifey	1	0	GIF	NONE
bootyoptics	1	1	GIF	NONE
bottom-spanking	1	1	GIF	NONE
bottom-x	1	0	GIF	NONE
bottomless-girl	1	1	GIF	NONE
bottomless-ladyz	1	1	GIF	NONE
bottomless-sluts	1	1	GIF	NONE
bottomlessisbeautiful	1	1	GIF	NONE
boubuster	1	0	GIF	NONE
boundbabe	1	1	GIF	NONE
boybehavinbadly	1	1	GIF	NONE
bratsusie	1	1	GIF	NONE
breathingwhispers	1	1	GIF	NONE
briansbelt	1	1	GIF	NONE
brianspanks	1	1	GIF	NONE
brightbottom	1	1	GIF	NONE
brightgirlotk	1	1	GIF	NONE
brightredcheeks	1	1	GIF	NONE
bringbackthecane	1	1	GIF	NONE
britishspanking	1	1	GIF	NONE
bruisedbabypeach	1	1	GIF	NONE
bruisedbehinds	1	1	GIF	NONE
bruisedgirls666	1	0	GIF	NONE
bruisedlittlekitty	1	0	GIF	NONE
bruisedw0nderland	1	0	GIF	NONE
bruisesbycandelight	1	1	GIF	NONE
brusherman	0	0	GIF	NONE
brutalspanko69	1	0	GIF	NONE
bruttor	1	1	GIF	NONE
bryan1959	1	1	GIF	NONE
bspanked	1	1	GIF	NONE
bubblebuttt	1	1	GIF	NONE
buckbuster	1	1	GIF	NONE
bunsinthesun	0	0	GIF	NONE
butt-spankinga	1	1	GIF	NONE
butt-titts-different	1	0	GIF	NONE
buttcheekfan	1	1	GIF	NONE
buttsbuttsbuttz	1	0	GIF	NONE
bvbfan89	1	1	GIF	NONE
byorderofthecourt	1	1	GIF	NONE
byron43	1	1	GIF	NONE
cadillacdoofus	1	1	GIF	NONE
callmedaddypdx	1	1	GIF	NONE
canachello	1	0	GIF	NONE
cane-iac	1	1	GIF	NONE
caneaslutday	1	1	GIF	NONE
canecorso1974	1	1	GIF	NONE
caned	1	1	GIF	NONE
canedane	1	1	GIF	NONE
canedbottoms	1	1	GIF	NONE
canedbotton	0	0	GIF	NONE
canedkim	1	1	GIF	NONE
canedreamer	1	1	GIF	NONE
caneinhand	1	1	GIF	NONE
canelines76	1	1	GIF	NONE
canemedaddy	1	0	GIF	NONE
canemeharder	1	1	GIF	NONE
canestripes	1	1	GIF	NONE
caningblondewu	1	1	GIF	NONE
cappyx	1	1	GIF	NONE
captainredtush	1	1	GIF	NONE
captrdhrt	1	1	GIF	NONE
carcarcharadon	1	1	GIF	NONE
carlos1001	1	1	GIF	NONE
carolinaspanked	1	1	GIF	NONE
carpet-beater	0	0	GIF	NONE
casalputaria	1	1	GIF	NONE
caseyharker	1	0	GIF	NONE
cat0106	1	0	GIF	NONE
cathrynns-spanking	1	1	GIF	NONE
catonhtr	1	1	GIF	NONE
cazaresj23	1	1	GIF	NONE
cd-painlover	1	1	GIF	NONE
cecile-soumise	1	0	GIF	NONE
cellulitebums	1	1	GIF	NONE
cflyers7576	1	0	GIF	NONE
chaistrainer	0	0	GIF	NONE
chastise-me	1	1	GIF	NONE
cheekyminx69	1	0	GIF	NONE
cheerios3833	1	0	GIF	NONE
cherrycheeksspankings	1	1	GIF	NONE
cherryderriere	1	1	GIF	NONE
cherryredness	1	1	GIF	NONE
chestermol	1	1	GIF	NONE
chiefspanker	1	1	GIF	NONE
chilternpete	1	1	GIF	NONE
chism-dominickts1n54	1	1	GIF	NONE
chloeheaven	1	0	GIF	NONE
choicebutts	1	1	GIF	NONE
chrisjohnson2210	1	0	GIF	NONE
chronicallyababe	1	1	GIF	NONE
chubbysubmissiveworld	1	1	GIF	NONE
citizencane2015	1	1	GIF	NONE
citizncane	1	1	GIF	NONE
cl0thes0ff	0	1	GIF	NONE
closely-watched-bottoms	1	1	GIF	NONE
clothedmalenudefemale	1	1	GIF	NONE
collarblack	0	0	GIF	NONE
conflicted-me27	1	1	GIF	NONE
corner-po-laniu	1	1	GIF	NONE
cornertimepunishment-blog	1	0	GIF	NONE
corppun78	1	1	GIF	NONE
cowgirlru	1	1	GIF	NONE
cptwentworth	1	1	GIF	NONE
cravingdiscipline-blog-blog	1	0	GIF	NONE
crazy-world-aint-it	1	0	GIF	NONE
creepshotdepot	1	1	GIF	NONE
crimsonredbottom	1	1	GIF	NONE
cryinglipcurlingbdsm	1	1	GIF	NONE
cstowe1957	1	1	GIF	NONE
culottee	1	1	GIF	NONE
culottes-pour-filles	1	1	GIF	NONE
cumkittycat	1	1	GIF	NONE
curiouslifestyle	1	1	GIF	NONE
curly-kinky	0	0	GIF	NONE
cute-little-butts	1	0	GIF	NONE
cutemagicbottom	1	1	GIF	NONE
cutie-spankee	1	1	GIF	NONE
cutiepiessexyspankings	1	1	GIF	NONE
cutiesandbooties	1	0	GIF	NONE
dad42	1	1	GIF	NONE
daddy-is-a-sadist	1	0	GIF	NONE
daddy-sbrat	1	0	GIF	NONE
daddy	1	1	GIF	NONE
daddy239	1	1	GIF	NONE
daddybimbaccia	1	1	GIF	NONE
daddyinvirginia	1	1	GIF	NONE
daddylove20	1	0	GIF	NONE
daddypunishandspankme	1	1	GIF	NONE
daddyredspanks	1	1	GIF	NONE
daddys--cherry--blossom	1	1	GIF	NONE
daddys-kitttycat	1	1	GIF	NONE
daddys-sweet-kitten00	1	0	GIF	NONE
daddysbabydoll19	1	0	GIF	NONE
daddysfilthypainslut	1	1	GIF	NONE
daddyskittykitty	1	0	GIF	NONE
daddyslittlepeasant	1	1	GIF	NONE
daddyslittlesubmissives	1	1	GIF	NONE
daddyspankmeplz	1	1	GIF	NONE
daddyspanksher	1	0	GIF	NONE
daddysprincess12716	1	1	GIF	NONE
daddyssexfantasies	1	1	GIF	NONE
daddyssub	1	0	GIF	NONE
daddyswhores16	1	1	GIF	NONE
daddywantskitten	1	1	GIF	NONE
dailybums	1	0	GIF	NONE
dailyspankings	1	1	GIF	NONE
dangerousstarfishreview	1	0	GIF	NONE
danroberts1983	1	1	GIF	NONE
dante7503	1	1	GIF	NONE
daphne-nl	1	1	GIF	NONE
dark39	1	1	GIF	NONE
darkartisangentleman	1	1	GIF	NONE
darthspanker	1	1	GIF	NONE
daultimate27	1	1	GIF	NONE
dd4alana	1	1	GIF	NONE
dddp1973	1	0	GIF	NONE
ddgreenbay	1	1	GIF	NONE
ddhoh	1	0	GIF	NONE
ddyslttlegrl	1	1	GIF	NONE
deadfishbone	1	1	GIF	NONE
deanofnaughtytown	1	1	GIF	NONE
debdee69	1	1	GIF	NONE
deculottee	1	1	GIF	NONE
deddy-44	1	1	GIF	NONE
dee4075	1	1	GIF	NONE
deknaps	1	1	GIF	NONE
del2172	1	1	GIF	NONE
delightfuldread	1	1	GIF	NONE
delightfulpenguinduck	1	1	GIF	NONE
deniselikesit	1	1	GIF	NONE
denverspanker	1	1	GIF	NONE
derblaueengel	1	1	GIF	NONE
derekspanks	1	1	GIF	NONE
derrutenspiegel	1	1	GIF	NONE
desipunishments	1	0	GIF	NONE
desiresofz	1	1	GIF	NONE
despot999	1	1	GIF	NONE
desseins-coquins	1	1	GIF	NONE
devious-panther	1	1	GIF	NONE
diaryofanymphette	1	1	GIF	NONE
diaryofdiscipline	1	1	GIF	NONE
die-andere-seite-von-mir	1	1	GIF	NONE
dieuso	1	1	GIF	NONE
dik71	1	1	GIF	NONE
dillman73efy	1	1	GIF	NONE
dirtystuffilike	1	1	GIF	NONE
disciplinarium	1	0	GIF	NONE
discipline-matters	1	1	GIF	NONE
disciplinecentral	1	1	GIF	NONE
disciplinedays	1	1	GIF	NONE
disciplineone	1	1	GIF	NONE
disciplineotk	1	1	GIF	NONE
disobedient-kitkat	1	1	GIF	NONE
disobedientyounglady	1	1	GIF	NONE
divine-asses	1	1	GIF	NONE
djbev	1	1	GIF	NONE
dmestcdscplne	1	1	GIF	NONE
dmitri1717	1	1	GIF	NONE
docepalmada	1	1	GIF	NONE
docerdocer	1	1	GIF	NONE
dom4her	1	1	GIF	NONE
domanddaddy	1	1	GIF	NONE
domesticated-wife	1	1	GIF	NONE
domesticdisciplinarianbliss	1	1	GIF	NONE
domesticdisciplinedigest	1	1	GIF	NONE
domesticdisciplinetoo-blog	1	1	GIF	NONE
dominance-and-love	1	1	GIF	NONE
dominantdaddysir	1	1	GIF	NONE
dominateguy	1	1	GIF	NONE
domination-art	1	1	GIF	NONE
dominatrix-babes	1	1	GIF	NONE
dominion-alyssa	1	1	GIF	NONE
domofslaves	1	1	GIF	NONE
domspo-subspo	1	1	GIF	NONE
doninantpassion	1	1	GIF	NONE
donnie100	1	0	GIF	NONE
donttellmyfriendswhatiminto	1	1	GIF	NONE
dopekoala	1	1	GIF	NONE
down-with-panties	1	1	GIF	NONE
dr1nks4u2	1	1	GIF	NONE
dre23456	1	1	GIF	NONE
dreamshots	1	0	GIF	NONE
dreamsofspanking	1	1	GIF	NONE
drfsrc	1	1	GIF	NONE
duckie510	1	1	GIF	NONE
dundee47	1	1	GIF	NONE
dutchpunishment	1	0	GIF	NONE
dutchspanko	1	1	GIF	NONE
dv8foto	1	0	GIF	NONE
earlybedtimepunishments	1	0	GIF	NONE
earlybedtimepunishments	1	1	GIF	NONE
eastlondon08242014	1	1	GIF	NONE
eatmysweetcherry	1	0	GIF	NONE
edithhamilton	1	0	GIF	NONE
educatoresevero	1	1	GIF	NONE
eenslaved	1	1	GIF	NONE
eenuf	1	0	GIF	NONE
eliza-is-wet	1	1	GIF	NONE
elliefairy	1	0	GIF	NONE
emilia-wiese0e2q15p	1	0	GIF	NONE
enloe446rkj5	1	1	GIF	NONE
erica729	1	1	GIF	NONE
ernesthemingwayerotica	1	1	GIF	NONE
erosunbound	1	0	GIF	NONE
erotic-nonfiction	1	1	GIF	NONE
erotica-nautica	1	0	GIF	NONE
eroticsubmission	1	1	GIF	NONE
excellentspanking	1	1	GIF	NONE
exgfgallery	1	1	GIF	NONE
exposed-spankings	1	1	GIF	NONE
exxxxxxxxxmortis	1	1	GIF	NONE
faceienev	1	1	GIF	NONE
faeriecumslut	1	1	GIF	NONE
fairbutfirm	1	0	GIF	NONE
fan-of-her	1	1	GIF	NONE
fantasiesofrape	1	1	GIF	NONE
fantasticspanking	1	1	GIF	NONE
farmd0gsrevenge	1	1	GIF	NONE
fat-bottom-girls	1	0	GIF	NONE
fatassblondes	1	1	GIF	NONE
favoritespanking	1	1	GIF	NONE
femme-cutie	1	0	GIF	NONE
fessee	1	1	GIF	NONE
fessee24000	1	1	GIF	NONE
fesseeculnu	1	1	GIF	NONE
fesseedeculottee	1	1	GIF	NONE
fesses-rouges	1	1	GIF	NONE
fesseur70	1	1	GIF	NONE
fetch-the-slipper	1	1	GIF	NONE
fettefette	1	1	GIF	NONE
ffaiirrm	1	1	GIF	NONE
ffmfspankingarchive	1	0	GIF	NONE
filthyandfun	1	1	GIF	NONE
fireball666	1	1	GIF	NONE
firesubmissive	1	1	GIF	NONE
firmbutfairmatureman	1	1	GIF	NONE
firmhanddad	1	1	GIF	NONE
firmhandlefty	1	1	GIF	NONE
firmpunishment	1	1	GIF	NONE
fishnet-fantasies	1	1	GIF	NONE
fkk-teens-nudisten	1	1	GIF	NONE
flaotk82	1	1	GIF	NONE
fleminglarryfleming	1	0	GIF	NONE
flowery-brat	1	1	GIF	NONE
fluffornuther	1	1	GIF	NONE
fmtrng	1	1	GIF	NONE
fontaineart	1	1	GIF	NONE
forbetterorforworsespankings	1	1	GIF	NONE
forestwalker780	1	1	GIF	NONE
forever-learning	1	1	GIF	NONE
foreverme-mandyb	1	1	GIF	NONE
friendshipfirst1	1	1	GIF	NONE
frspanko	1	1	GIF	NONE
fuc-me-rite	1	1	GIF	NONE
fuckyeahbuttplugs	1	1	GIF	NONE
fuckyeahspanking	1	1	GIF	NONE
fullblazeyouth	1	1	GIF	NONE
fullholes-emptyhead	1	1	GIF	NONE
furrytigersublime	1	1	GIF	NONE
garcesafesser	1	1	GIF	NONE
geborgenheitundsubmission	1	1	GIF	NONE
gemmitalia	1	1	GIF	NONE
genishas-daddy	1	1	GIF	NONE
genre-pun	1	1	GIF	NONE
georg434	1	1	GIF	NONE
geronimo2069	1	1	GIF	NONE
gerta68	1	1	GIF	NONE
get-naked-or-get-banned	1	1	GIF	NONE
gettingspanked	1	1	GIF	NONE
gettod75	1	1	GIF	NONE
getyournudeon	1	1	GIF	NONE
gg1070	1	1	GIF	NONE
ggachiri-ggajuri	1	1	GIF	NONE
giannimusica	1	1	GIF	NONE
gin-and-catatonic	1	1	GIF	NONE
girlbutts	1	1	GIF	NONE
girlfriendtraining	1	0	GIF	NONE
girls-in-striped-socks	1	1	GIF	NONE
girlsbigtits	1	1	GIF	NONE
girlsbums	1	1	GIF	NONE
girlsgetspanked	1	1	GIF	NONE
girlsintubesocks	1	1	GIF	NONE
girlspankee	1	1	GIF	NONE
girlspanker	1	0	GIF	NONE
girlspunishednaked	1	0	GIF	NONE
girlspunishment	1	1	GIF	NONE
girltrainer	1	1	GIF	NONE
girly-innocence	1	1	GIF	NONE
glasgowspank	1	1	GIF	NONE
go-bare-bottom	1	1	GIF	NONE
goblaster	1	1	GIF	NONE
golfgti8	1	1	GIF	NONE
good-kittens-obey	1	1	GIF	NONE
goodasdaddy	1	1	GIF	NONE
goodgirlluna	1	1	GIF	NONE
goodgirlsneedspankingtoo	1	1	GIF	NONE
goodgrrrl4u	1	1	GIF	NONE
goodlittlered	1	1	GIF	NONE
goodlittleunistudent	1	0	GIF	NONE
goodmorningpain	1	0	GIF	NONE
goodpainpain	1	1	GIF	NONE
goreanway	1	1	GIF	NONE
grabthehairbrush	1	1	GIF	NONE
gracespankingdesirable	1	1	GIF	NONE
grant1973	1	1	GIF	NONE
greatspankingygifmadness	1	1	GIF	NONE
grisslay	1	1	GIF	NONE
groupstrip	1	0	GIF	NONE
grrlbitesdog	1	1	GIF	NONE
gymshoe69	1	1	GIF	NONE
hairbrushme7777	1	1	GIF	NONE
halfcheek-halfstory	1	1	GIF	NONE
hammrrhead	1	1	GIF	NONE
handprintspank	1	0	GIF	NONE
handspanking	1	1	GIF	NONE
handspankingfun	1	1	GIF	NONE
hankatplay	1	1	GIF	NONE
hannatausen	1	1	GIF	NONE
hard-spanking	1	1	GIF	NONE
hardassminion	1	1	GIF	NONE
hardhandsworld	1	1	GIF	NONE
hardharshheavy	0	1	GIF	NONE
hashmalsimha	1	1	GIF	NONE
havenisse	1	1	GIF	NONE
haveyouseenthisbooty	1	0	GIF	NONE
heart-smacker	1	1	GIF	NONE
heater97	1	1	GIF	NONE
hellobubblebutts	1	1	GIF	NONE
hellolollo150497	1	1	GIF	NONE
hellothere-princess	1	1	GIF	NONE
hendersonm384	1	1	GIF	NONE
henrydme	1	0	GIF	NONE
her-bottom-needs-spanking	1	1	GIF	NONE
her-bottom-needs-spanking	1	1	GIF	NONE
her-master	0	1	GIF	NONE
hersassymouthintolerant	1	1	GIF	NONE
highfalutinfoxywoman	1	1	GIF	NONE
hold-me--down	1	1	GIF	NONE
holdmn1	1	1	GIF	NONE
home-kink	1	1	GIF	NONE
homespanker	1	1	GIF	NONE
horny-chickdeedee	1	0	GIF	NONE
horny-spanking-christi	1	1	GIF	NONE
horny-spanking-iliana	1	1	GIF	NONE
horny-spankingmalinda	1	1	GIF	NONE
horny-womansammy	1	1	GIF	NONE
hornyslut-campbell	1	1	GIF	NONE
hornyslut-lyndsey	1	1	GIF	NONE
hornyspanking-adrianne	1	1	GIF	NONE
hornyspanking-caterina	1	1	GIF	NONE
hornyspankingsuzanne	1	1	GIF	NONE
hot-audriana-spanking	1	1	GIF	NONE
hot-girl-roxie	1	1	GIF	NONE
hot-slut-ulrica	1	1	GIF	NONE
hot-spanking-ellie	1	1	GIF	NONE
hot-spanking-emely	1	1	GIF	NONE
hot-spanking-hanna	1	1	GIF	NONE
hot-suzyspanking	1	1	GIF	NONE
hot-woman-amirah	1	1	GIF	NONE
hot-woman-janelle	1	0	GIF	NONE
hotandsore	1	1	GIF	NONE
hotcreepshot	1	1	GIF	NONE
hotgirl-dulcie	1	0	GIF	NONE
hotnerissa-spanking	1	1	GIF	NONE
hotspanking-dolly	1	1	GIF	NONE
hotspanking-hope	1	1	GIF	NONE
hotspankings	1	1	GIF	NONE
hotspankingursula	1	1	GIF	NONE
hotwomankaleigh	1	1	GIF	NONE
hschroethi009	1	1	GIF	NONE
hubbyspankedhard	1	1	GIF	NONE
huggie627	1	1	GIF	NONE
hunteressss	1	1	GIF	NONE
hunting-spanking	1	1	GIF	NONE
hurts4squirts	1	0	GIF	NONE
i-like-to-spank	1	1	GIF	NONE
i-love-spanking	1	1	GIF	NONE
i-was-naughty-spank-me-blog	1	1	GIF	NONE
iamlyingtoyou	1	1	GIF	NONE
iamspankee	1	1	GIF	NONE
iboutchspank	1	1	GIF	NONE
igna69	0	0	GIF	NONE
ihaventaclueatall	1	1	GIF	NONE
ilikemoar	1	1	GIF	NONE
ilikeyousoyoushouldlikemeback	1	1	GIF	NONE
iloveasses	1	1	GIF	NONE
ilovespankings6	1	1	GIF	NONE
ilovetogivespankings-blog	1	1	GIF	NONE
ilubabydoll	1	1	GIF	NONE
im-sorry-sir	1	1	GIF	NONE
imgartshow	1	1	GIF	NONE
in-heart-and-soul	1	1	GIF	NONE
indecentfantasies	1	1	GIF	NONE
ineffable-cravings	1	1	GIF	NONE
insuh	1	1	GIF	NONE
interpersonals	1	0	GIF	NONE
intriguedspankee	1	1	GIF	NONE
inwhiteknickers	1	1	GIF	NONE
iobobo94	1	1	GIF	NONE
irish-russian	1	1	GIF	NONE
ironhand0810	1	1	GIF	NONE
ispank	1	1	GIF	NONE
ispankbbwsny	1	1	GIF	NONE
iswordsir	1	1	GIF	NONE
italiansd0itbetter	0	0	GIF	NONE
itamefemales	1	1	GIF	NONE
its-sir-jason	1	1	GIF	NONE
ive-been-a-bad-girl	1	1	GIF	NONE
iverynaughtyboy	1	1	GIF	NONE
iwasawinrar	1	1	GIF	NONE
janicec	1	1	GIF	NONE
jazz3376	1	1	GIF	NONE
jedressedessalopes	1	1	GIF	NONE
jefesse	1	1	GIF	NONE
jeff061	1	1	GIF	NONE
jeffieotk	1	0	GIF	NONE
jeffjames555	1	1	GIF	NONE
jennyispunished	1	0	GIF	NONE
jerrybear	1	1	GIF	NONE
jerrybear2	1	1	GIF	NONE
jimpswitch	1	1	GIF	NONE
joanne-schoolroom	1	1	GIF	NONE
john-brush5599	1	1	GIF	NONE
johnb5533	1	0	GIF	NONE
johnnythelostboy	1	1	GIF	NONE
johnrosssp	1	1	GIF	NONE
johnthero	1	1	GIF	NONE
jonny1-fan	1	0	GIF	NONE
jonnyspanker	1	1	GIF	NONE
jonwelts	0	0	GIF	NONE
joyfulobjectfest	1	0	GIF	NONE
joyzselection	1	1	GIF	NONE
jpcspank	1	1	GIF	NONE
jrrand	1	1	GIF	NONE
jtg870	1	0	GIF	NONE
julesy8	1	0	GIF	NONE
junkartpotter	1	0	GIF	NONE
just-a-kinky-guy	1	1	GIF	NONE
just-a-little-story-ofmine	1	1	GIF	NONE
justinesoumise	1	1	GIF	NONE
justroboffetlife	1	1	GIF	NONE
justxifenglove	1	1	GIF	NONE
jvmclure	1	0	GIF	NONE
jxshdaddy	1	1	GIF	NONE
kamadeva1987	1	1	GIF	NONE
kanssa-sir-tutkia	1	1	GIF	NONE
karenredbush	1	1	GIF	NONE
kateraid48	1	1	GIF	NONE
katerina37	1	0	GIF	NONE
katiesmith1963	1	1	GIF	NONE
katlyn-is-back	1	1	GIF	NONE
kellymmax1	1	1	GIF	NONE
kendrasredhottales	1	1	GIF	NONE
kennteri	1	1	GIF	NONE
kentaskis	1	1	GIF	NONE
keptinafterschool	1	1	GIF	NONE
ketsucloud04	1	1	GIF	NONE
kevincnil	1	1	GIF	NONE
khaled42242	1	1	GIF	NONE
khebdvkhb	1	1	GIF	NONE
kimberbiteabout	1	1	GIF	NONE
kindaabyss	1	1	GIF	NONE
kinkissx	1	1	GIF	NONE
kinky-girldemi	1	1	GIF	NONE
kinky-shivanispanking	1	1	GIF	NONE
kinky-slut-ena	1	1	GIF	NONE
kinky-spanking-sluts	1	1	GIF	NONE
kinky-spankingbloom	1	1	GIF	NONE
kinky-spankingslut	1	1	GIF	NONE
kinky-womansara	1	0	GIF	NONE
kinkyanikaspanking	1	1	GIF	NONE
kinkychickami	1	1	GIF	NONE
kinkychickneve	1	0	GIF	NONE
kinkycouple9590	1	1	GIF	NONE
kinkygirl-jaqueline	1	1	GIF	NONE
kinkylynnettespanking	1	1	GIF	NONE
kinkymorrigan	1	0	GIF	NONE
kinkymyrtlespanking	1	1	GIF	NONE
kinkynorse	1	1	GIF	NONE
kinkypromises	1	1	GIF	NONE
kinkysenator	1	1	GIF	NONE
kinkyslut-kari	1	0	GIF	NONE
kinkyspankedchicks	1	1	GIF	NONE
kinkyspankedgirl	1	1	GIF	NONE
kira-klux	1	1	GIF	NONE
kirkham-willetteo9s6ta1	1	0	GIF	NONE
kittensdaddy147	1	1	GIF	NONE
kittenspanks	1	1	GIF	NONE
kittteaztwine	1	1	GIF	NONE
kn33ling-b34uty	1	1	GIF	NONE
kneedy1	1	1	GIF	NONE
kneel-serve-and-obey	1	0	GIF	NONE
kneesocks-fetish	1	0	GIF	NONE
kristy314159	1	1	GIF	NONE
la-belle-brune	1	1	GIF	NONE
labouisse	1	1	GIF	NONE
ladiesbottoms	1	1	GIF	NONE
ladiesspank	1	1	GIF	NONE
lady-spank	1	1	GIF	NONE
lass-sg	1	1	GIF	NONE
latigo100	1	1	GIF	NONE
lauraspanks	1	1	GIF	NONE
lausberger	1	1	GIF	NONE
lausberger	1	1	GIF	NONE
le-guide-bdsm	1	1	GIF	NONE
learningsubmission	1	1	GIF	NONE
leashedpetnagnika	1	1	GIF	NONE
leatherlacedbass	0	1	GIF	NONE
leermeester-10	1	1	GIF	NONE
leermeester-9	1	0	GIF	NONE
legs-up-spankings	1	1	GIF	NONE
legsstilettoheels	1	1	GIF	NONE
legsuparmsin	1	1	GIF	NONE
lenaschwarznrw	1	1	GIF	NONE
leonspankotk	1	0	GIF	NONE
lepilotefesse	1	0	GIF	NONE
les-belles-fesses-japonaises	1	0	GIF	NONE
lesbianspankingbottoms	1	1	GIF	NONE
letsspankthatgirl	1	1	GIF	NONE
letswatchgirls	0	1	GIF	NONE
lewdself	0	1	GIF	NONE
lil-sadist	1	0	GIF	NONE
lilkittenbrat	1	1	GIF	NONE
lillythepinkfcuk	1	1	GIF	NONE
linnylace	1	1	GIF	NONE
lioness-in-the-rain	1	0	GIF	NONE
little-l0st	1	0	GIF	NONE
little-rockstar	1	0	GIF	NONE
little-vixen	1	0	GIF	NONE
littlebirdfio	1	1	NONE	NONE
littlecutiessir	1	1	GIF	NONE
littlefilthyniece	1	1	GIF	NONE
littlegirl4governess	1	1	GIF	NONE
littlegirl7	1	1	GIF	NONE
littlegirlhannahrose	1	0	GIF	NONE
littlejetgirl	1	1	GIF	NONE
littlekatgirl	1	1	GIF	NONE
littlekissa	1	1	GIF	NONE
littleloves-	1	1	GIF	NONE
littlemisspastherbedtime	1	1	GIF	NONE
littlepissy	1	0	GIF	NONE
littleprincesschloe	0	1	GIF	NONE
livingsubmissive	1	1	GIF	NONE
lizziehuckleberry	1	1	GIF	NONE
llkmmk	1	1	GIF	NONE
lonely-carlotta-spanking	1	1	GIF	NONE
lonelypet420	1	1	GIF	NONE
longdistanceddlg	1	1	GIF	NONE
longhairboobsandmoss	1	0	GIF	NONE
lordanalgape	1	1	GIF	NONE
lordmarky	1	1	GIF	NONE
lordthanosoftitan	1	1	GIF	NONE
lostinamazement	1	0	GIF
loungynymph	1	1	NONE	NONE
lovebottomless	1	1	GIF	NONE
lovelimbo01	1	1	GIF	NONE
lovelylittlebella	1	1	GIF	NONE
lovemesumass	1	1	GIF	NONE
lovethemthickandchubby	1	1	GIF	NONE
lovexird	0	0	GIF	NONE
lovingdaddypuppysluts	1	0	GIF	NONE
lovingdiscipline2	1	1	GIF	NONE
lovinglysadistic	1	1	GIF	NONE
lucialalesbica	1	1	GIF	NONE
luciferia7	1	1	GIF	NONE
lucybeeee	1	1	GIF	NONE
lune-bleue-spank	1	0	GIF	NONE
lushsensei	1	1	GIF	NONE
lusty-me	1	1	GIF	NONE
luv2spank	1	1	GIF	NONE
luxury-nerdy-girls	1	1	GIF	NONE
lvs2spank	1	1	GIF	NONE
lysting	1	0	GIF	NONE
maceoddity	1	1	GIF	NONE
madcoupling	1	1	GIF	NONE
maestro-eros	1	0	GIF	NONE
maggie4414	1	1	GIF	NONE
maggiejredtop	1	1	GIF	NONE
magnusx	1	1	GIF	NONE
maitrelondonien	1	1	GIF	NONE
mariekriegtnochdenpoversohlt	1	1	GIF	NONE
marielsumisa	1	1	GIF	NONE
mark361	1	1	GIF	NONE
markroberts4dd	1	1	GIF	NONE
marshmallow-ropes	1	1	GIF	NONE
maryb79	1	1	GIF	NONE
maryslittleageplayworld	1	1	GIF	NONE
masha-aleksina	1	1	GIF	NONE
masochistic-babyx	1	1	GIF	NONE
masochistickittn	1	0	GIF	NONE
masochistictendencies	1	1	GIF	NONE
master-merihks-mercy	1	1	GIF	NONE
master-of-o	1	1	GIF	NONE
master-with-a-beard	1	1	GIF	NONE
masterandownerofslavetrin	1	1	GIF	NONE
masterbobi	1	1	GIF	NONE
masterdv	1	1	GIF	NONE
masterjames2	1	1	GIF	NONE
masterpicedom	1	0	GIF	NONE
mastersperfectpeach	1	1	GIF	NONE
masterwithcane	1	1	GIF	NONE
matriarchale-erziehung	1	1	GIF	NONE
maurospinoza	1	1	GIF	NONE
mclintock1980	1	1	GIF	NONE
meesterbram83	1	0	GIF	NONE
megaasslove	1	0	GIF	NONE
megam8tthewfan	1	1	GIF	NONE
megnkel20	1	1	GIF	NONE
melbourne-spanking	1	1	GIF	NONE
messyhaireddaddy	1	1	GIF	NONE
mex-qro-2014	1	1	GIF	NONE
mfkotk	1	1	GIF	NONE
mfporn	1	1	GIF	NONE
mfspankings	1	1	GIF	NONE
mh27271	1	1	GIF	NONE
michaelrmasterson	1	1	GIF	NONE
michiganheadmaster	1	1	GIF	NONE
microscopicfoxes	1	1	GIF	NONE
midwestnomercy	1	1	GIF	NONE
mikegeer79	1	1	GIF	NONE
mikewild1975	1	1	GIF	NONE
mimi-in-panty-wonderland	1	1	GIF	NONE
minxgrrl	1	1	GIF	NONE
misfeminas	1	1	GIF	NONE
missbehavethoughts	1	1	GIF	NONE
missbehaving32	1	1	GIF	NONE
misschristyspanko	1	1	GIF	NONE
misscontrol	1	0	GIF	NONE
missgeschick79	1	1	GIF	NONE
missyvcmonkey	1	1	GIF	NONE
mistersadister	1	1	GIF	NONE
mkellyspankee	1	1	GIF	NONE
mkrpretty	1	1	GIF	NONE
mmmpretty	1	1	GIF	NONE
mnspanker	0	1	GIF	NONE
moller1999	1	1	GIF	NONE
mommymissy	1	1	GIF	NONE
momssassygirl	1	1	GIF	NONE
mondy80	1	0	GIF	NONE
mood-pictures	1	1	GIF	NONE
moon4victory	1	1	GIF	NONE
mooning-babes	1	1	GIF	NONE
mooning-girls	1	1	GIF	NONE
mooning24-7	1	1	GIF	NONE
moonrouge85	1	1	GIF	NONE
mopjam	1	1	GIF	NONE
morningstar-sunrising	1	1	GIF	NONE
motivatedfrombehind	1	1	GIF	NONE
mr-and-ms-sw	1	1	GIF	NONE
mr-spank-her	1	1	GIF	NONE
mrandlittlemiss	0	0	GIF	NONE
mrchrisspank	1	1	GIF	NONE
mrjust60	1	1	GIF	NONE
mrlauderz	1	1	GIF	NONE
mrlcane	1	1	GIF	NONE
mrredbush	1	1	GIF	NONE
mrrhythm73	1	1	GIF	NONE
mrwhacker	1	1	GIF	NONE
msfoxylady	1	1	GIF	NONE
mspenelopef	1	1	GIF	NONE
murbella13	1	1	GIF	NONE
muse-of-maestro	1	1	GIF	NONE
mwisaw	1	0	GIF	NONE
myassblog	0	0	GIF	NONE
myassisforyou	1	1	GIF	NONE
myclassywife	1	0	GIF	NONE
mydomesticdisciplinelife	1	0	GIF	NONE
mydreamzndmore	1	1	GIF	NONE
myeyeshavebeenopened	1	1	GIF	NONE
myhubbysslut	1	1	GIF	NONE
mypassionidea	1	1	GIF	NONE
myraspis	1	0	GIF	NONE
mysecretfucktoy	1	1	GIF	NONE
myspankingdreamz	1	1	GIF	NONE
mysweetsoakedpanties	1	1	GIF	NONE
mytastytaste	1	1	GIF	NONE
mythewaywewere	1	0	GIF	NONE
myworld79	1	1	GIF	NONE
n00dledad	1	1	GIF	NONE
naiughtygirlposesandpredicaments	1	1	GIF	NONE
nakedattheriver	1	1	GIF	NONE
nalgasbellas	1	1	GIF	NONE
nancysspankingart	1	1	GIF	NONE
nashvillesir	1	1	GIF	NONE
natalienelly83	1	1	GIF	NONE
natnell83	1	1	GIF	NONE
naturalbornspanker--chicago	1	0	GIF	NONE
natynell83	1	1	GIF	NONE
naughty-by-natureuk	1	1	GIF	NONE
naughtybadgirl-me	1	1	GIF	NONE
naughtybottom	1	1	GIF	NONE
naughtyboycharlie	1	0	GIF	NONE
naughtydana	1	1	GIF	NONE
naughtydannidoll	1	1	GIF	NONE
naughtygf2share	1	1	GIF	NONE
naughtygirlinneedofaspanking	1	1	GIF	NONE
naughtygirls64	1	1	GIF	NONE
naughtygirlsandthecane	1	1	GIF	NONE
naughtygirlsandthepaddle	1	1	GIF	NONE
naughtygirlsunishedonthehands	1	1	GIF	NONE
naughtyirishgirl	1	1	GIF	NONE
naughtylittlelamb	1	0	GIF	NONE
naughtylittleschoolgirls	1	1	GIF	NONE
naughtyneys	1	0	GIF	NONE
naughtypantsu	1	1	GIF	NONE
naughtypunishedprincess	1	1	GIF	NONE
naughtysexycollection	1	1	GIF	NONE
naughtyspankingpics	1	1	GIF	NONE
naughtytall	1	1	GIF	NONE
naughtythingstowatch	1	0	GIF	NONE
nebularkitten	1	1	GIF	NONE
need-to-be-spanked	1	1	GIF	NONE
neededpunishments	1	1	GIF	NONE
needs2bspanked	1	1	GIF	NONE
needylittlecunt	1	1	GIF	NONE
nekkidbottoms	1	0	GIF	NONE
nelly8347	1	1	GIF	NONE
nerkkat	1	1	GIF	NONE
neros-playhouse	1	1	GIF	NONE
nessa-craves	1	1	GIF	NONE
newfoundfunlife	1	1	GIF	NONE
nice-chick-mika	1	1	GIF	NONE
nice-chickeleonora	1	0	GIF	NONE
nice-chicknisha	1	1	GIF	NONE
nice-girlemmaline	1	1	GIF	NONE
nicechick-katy	1	1	GIF	NONE
niceslutxena	1	1	GIF	NONE
nicespanking	0	1	GIF	NONE
nicolettebelle	1	1	GIF	NONE
nihilihin	1	1	GIF	NONE
nikkiblackandblue	1	1	GIF	NONE
nippletorture	1	1	GIF	NONE
nnconnect	1	1	GIF	NONE
nobsotk	1	1	GIF	NONE
northern-spanking	1	1	GIF	NONE
northshorespanko	1	1	GIF	NONE
noseincorner	1	1	GIF	NONE
nosetothecorner	1	1	GIF	NONE
nothingbutaspankedgirl	1	1	GIF	NONE
notrustawordyousay	1	0	GIF	NONE
notwhyyouthink	1	1	GIF	NONE
nsfw18p	1	1	GIF	NONE
nsfwdisciplinedrawings-blog	1	1	GIF	NONE
nsfwsoft	1	1	GIF	NONE
nude-and-spankable	1	1	GIF	NONE
nude-kristinspanking	1	1	GIF	NONE
nudecynthia-spanking	1	1	GIF	NONE
nudefemaleduties	1	1	GIF	NONE
nudespank	1	1	GIF	NONE
nudespanking-slut	1	1	GIF	NONE
nudespankinggirls	1	1	GIF	NONE
nudewifes	1	1	GIF	NONE
nya-girls	1	1	GIF	NONE
nydaewen	1	1	GIF	NONE
nyspanker	1	1	GIF	NONE
obedient-housewives	1	1	GIF	NONE
obfs-spanking	1	0	GIF	NONE
oby1	1	1	GIF	NONE
odd-fodder	1	1	GIF	NONE
of-paramours-and-whores	1	1	GIF	NONE
oh-bondage-up-yours1234	1	1	GIF	NONE
ohlabijou	1	0	GIF	NONE
okgspanking	1	1	GIF	NONE
old-school-spanks	1	0	GIF	NONE
oldschoolspankinginmontana	1	1	GIF	NONE
om	0	0	GIF	NONE
omg-rankmyass-us	0	1	GIF	NONE
omgmissjosephine	1	0	GIF	NONE
omgzerothehero	1	1	GIF	NONE
on-her-knees-to-please	0	0	GIF	NONE
on-your-knees-n-obey	1	1	GIF	NONE
onegingerssecret	1	1	GIF	NONE
oneweekcaptured	1	1	GIF	NONE
onlyallfours	0	0	GIF	NONE
onlyass-pawg	1	1	GIF	NONE
onlypornp	1	1	GIF	NONE
openwide-sayah	0	0	GIF	NONE
opettaja76	1	1	GIF	NONE
oprosnak	1	1	GIF	NONE
oralprincess	1	1	GIF	NONE
oranjinjuice	1	1	GIF	NONE
oshiri-no-rakuen	1	1	GIF	NONE
otk4u	1	0	GIF	NONE
otk503dd	1	0	GIF	NONE
otkbj	1	0	GIF	NONE
otkbrush	1	1	GIF	NONE
otkddforjulia	1	1	GIF	NONE
otkgirls	1	0	GIF	NONE
otkhaught1	1	1	GIF	NONE
otkplease	1	1	GIF	NONE
otkspankingbottoms	1	1	GIF	NONE
otkspnkatl	1	1	GIF	NONE
ouchomgouch	1	1	GIF	NONE
oursecretnights	1	1	GIF	NONE
outis-nemo	1	1	GIF	NONE
overdadsknee	1	1	GIF	NONE
ovrtheknee	1	0	GIF	NONE
p-o-v	1	0	GIF	NONE
paddled-and-caned	1	1	GIF	NONE
paddledass	1	0	GIF	NONE
paddledpink	1	1	GIF	NONE
paddlemaster	1	1	GIF	NONE
paddlemywife	1	0	GIF	NONE
paddling72	1	1	GIF	NONE
painmyasshard	1	1	GIF	NONE
painslutfloor	1	0	GIF	NONE
painslutx	1	1	GIF	NONE
pajamaspankings	1	1	GIF	NONE
pale-mirrors	1	1	GIF	NONE
palejane.com	1	1	GIF	NONE
palm-spanking	1	0	GIF	NONE
palmbaybuttplay	1	1	GIF	NONE
pandiesaurousrex	1	1	GIF	NONE
panspankicon	1	1	GIF	NONE
pantiesasart	1	1	GIF	NONE
pantiesdownotk	1	1	GIF	NONE
pantoffel-jens	1	1	GIF	NONE
pantsdownassup	1	1	GIF	NONE
pantyaddict	1	1	GIF	NONE
pantylessclub	1	0	GIF	NONE
pantyproject	1	1	GIF	NONE
pappap61	1	1	GIF	NONE
parlas	1	1	GIF	NONE
pascalinepascal	1	0	GIF	NONE
passedthelimits	1	0	GIF	NONE
passionofsex	1	1	GIF	NONE
pastelshape	1	1	GIF	NONE
pastor4spanking	1	1	GIF	NONE
pastorspanks	1	0	GIF	NONE
patriarchsthings	1	1	GIF	NONE
paulaspankingart	1	1	NONE	NONE
paulos-g-girl	1	1	GIF	NONE
pawglopez	0	0	GIF	NONE
pd129	1	1	GIF	NONE
peachesbruises	1	1	GIF	NONE
peachstripe	1	1	GIF	NONE
peachstripe	1	1	GIF	NONE
peloklumper	1	1	GIF	NONE
pennyadeleholding	1	0	GIF	NONE
pennyholding	1	1	GIF	NONE
perfectasspictures	1	1	GIF	NONE
perfectlymarked	1	1	GIF	NONE
perseosglasses	1	0	GIF	NONE
personal-edge	1	1	GIF	NONE
personaljezebel	1	0	GIF	NONE
peterbirch	1	1	GIF	NONE
peterjalen73	1	1	GIF	NONE
philcane	1	1	GIF	NONE
pickmeaswitch	1	1	GIF	NONE
pickmeup-sortmeout-calmmedown	1	1	GIF	NONE
picsforkitten	1	1	GIF	NONE
picslavegirl	1	1	GIF	NONE
pinkbabyprincess	1	1	GIF	NONE
pinuparhiv	1	1	GIF	NONE
pinupgirlsart	1	1	GIF	NONE
pkgspanker	1	1	GIF	NONE
placeforass	1	1	GIF	NONE
please-spank-my-bottom	1	1	GIF	NONE
pleasenomoresir	1	1	GIF	NONE
pleasespankit	1	0	GIF	NONE
pleasespankme	1	0	GIF	NONE
pleasespankmenow	1	1	GIF	NONE
pleasespankmesir-blog	1	0	GIF	NONE
pleasespankmyperfectbottomsir	1	1	GIF	NONE
pleasurethroughpain	1	1	GIF	NONE
plesurewish	1	1	GIF	NONE
poetofsmut	1	1	GIF	NONE
poliebhaberblog	1	0	GIF	NONE
pooka1970	1	1	GIF	NONE
popdisgrace	1	1	GIF	NONE
poppysbarbiedoll	1	1	GIF	NONE
porka	1	1	GIF	NONE
portspank	1	1	GIF	NONE
potato-puncher	1	1	GIF	NONE
prayforbooty	1	1	GIF	NONE
pretty-chick-ayesha	1	0	GIF	NONE
pretty-georgiaspanking	1	1	GIF	NONE
pretty-spanking-cheryl	1	1	GIF	NONE
pretty-spanking-eilidh	1	1	GIF	NONE
pretty-spankingcharlene	1	1	GIF	NONE
prettyjeanine-spanking	1	1	GIF	NONE
prettynipplesandwhiplines	1	1	GIF	NONE
prettyspanked-slut	1	1	GIF	NONE
prettyspanking-chick	1	1	GIF	NONE
prettyspanking-elissa	1	1	GIF	NONE
prettyspanking-sluts	1	1	GIF	NONE
prettyspankingannamaria	1	1	GIF	NONE
prettyspankingcat	1	1	GIF	NONE
prettyspankinghannah	1	1	GIF	NONE
prettyspankingsluts	1	1	GIF	NONE
princess-cozybutt	1	0	GIF	NONE
princess-lil-shit	1	1	GIF	NONE
princess-pigtails	1	1	GIF	NONE
princess-trixie	1	1	GIF	NONE
princessnellodee	1	1	GIF	NONE
princessxtits	1	0	GIF	NONE
principalgamer	1	1	GIF	NONE
professorpunish	1	1	GIF	NONE
pronger444	1	0	GIF	NONE
propatriarchy	1	1	GIF	NONE
protagonist-spb	1	1	GIF	NONE
pump4426	1	1	GIF	NONE
punch-babies	1	0	GIF	NONE
punished--mary9	1	0	GIF	NONE
punished	1	1	GIF	NONE
punished18	1	1	GIF	NONE
punishedlittleprincess	1	1	GIF	NONE
punishedmary	1	0	GIF	NONE
punishedwhores	1	1	GIF	NONE
punisher2912	1	1	GIF	NONE
punishmeharderplease	1	1	GIF	NONE
punishment-mixau	1	1	GIF	NONE
punishment-sitege	1	1	GIF	NONE
punishment-stationuq	1	1	GIF	NONE
punishment-time	1	1	GIF	NONE
punishment-zoneik	1	1	GIF	NONE
punishmentblogmm	1	1	GIF	NONE
punishmeoniichan	1	1	GIF	NONE
puppy-girls	1	1	GIF	NONE
pupska	1	0	GIF	NONE
purple-spanking	1	1	GIF	NONE
pussyinropes	1	1	GIF	NONE
pwdrdnts	1	1	GIF	NONE
pygophiliac	1	1	GIF	NONE
pygophilous1	1	1	GIF	NONE
pygophilous1lives	1	0	GIF	NONE
qqaassdd	1	1	GIF	NONE
quecositas	1	1	GIF	NONE
rabbimitch	1	1	GIF	NONE
radiclebrat	1	1	GIF	NONE
raeroyalgooble	1	1	GIF	NONE
rainbowman17	1	1	GIF	NONE
raw-needs	0	1	GIF	NONE
razrstrpr	1	1	GIF	NONE
realspanking	1	1	GIF	NONE
realspankingsnetworks	1	1	GIF	NONE
rearwarmer-tumblr-com	1	1	GIF	NONE
red-bottom-girls	1	1	GIF	NONE
redandsore	1	1	GIF	NONE
redasslass	1	1	GIF	NONE
redasslover	1	1	GIF	NONE
redbottom4me	1	1	GIF	NONE
redbottomteens	1	1	GIF	NONE
redbumbunny	1	1	GIF	NONE
redbutt452	1	1	GIF	NONE
redbutt888	1	1	GIF	NONE
redcheekacademy	1	1	GIF	NONE
redd-ensore-bottoms	1	1	GIF	NONE
redfannyjenny	1	1	GIF	NONE
redheiny	1	0	GIF	NONE
redhotspankings	1	0	GIF	NONE
redrawandverysaw	1	1	GIF	NONE
redrawbabes	1	1	GIF	NONE
redridingbottom	1	1	GIF	NONE
regressedcaptive	1	1	GIF	NONE
repeeler2	1	0	GIF	NONE
repeerc	1	1	GIF	NONE
respbo	1	1	GIF	NONE
retrolingerieluver	1	0	GIF	NONE
ricosandiego	1	1	GIF	NONE
righteousstate	1	1	GIF	NONE
rinbank	1	0	GIF	NONE
rispaarumpa	1	1	GIF	NONE
ritasspankingandfun	1	1	GIF	NONE
ritualdiscipline	1	1	GIF	NONE
rnspankomaster	1	0	GIF	NONE
rob1983us	1	1	GIF	NONE
robertasprinsadist	1	1	GIF	NONE
rogera340	1	1	GIF	NONE
roguesdoitfrombehind007	1	0	GIF	NONE
rose-elisabeth-1994	1	1	GIF	NONE
rosemaryspankingenrapturing	1	1	GIF	NONE
rosslovesart	1	1	GIF	NONE
roughlynx	1	1	GIF	NONE
roundedcurves	0	1	GIF	NONE
ruesam	1	1	GIF	NONE
rulesandlimits	1	1	GIF	NONE
ruslegs	1	1	GIF	NONE
ryu4spanking	1	1	GIF	NONE
s-t-master	1	0	GIF	NONE
s-u-i-c-i-d-a-l-r-e-v-e-n-g-e	1	1	GIF	NONE
sainttrinians	1	1	GIF	NONE
saltee1	0	1	GIF	NONE
samhunterblr	1	1	GIF	NONE
sammycane	1	1	GIF	NONE
sandyc4fun	1	1	GIF	NONE
sapphirerose01	0	0	GIF	NONE
sarahgregory	1	1	GIF	NONE
sassypants66	1	1	GIF	NONE
savagepleasure	1	0	GIF	NONE
sbdv	1	1	GIF	NONE
sbw1900	1	0	GIF	NONE
scarlettsoutherngirl	1	1	GIF	NONE
scentofslave	1	1	GIF	NONE
schmidtlab	1	1	GIF	NONE
screamspan	1	1	GIF	NONE
sculacciate	1	1	GIF	NONE
secador2	1	1	GIF	NONE
secret-spankee	1	1	GIF	NONE
secret-spankee	1	1	GIF	NONE
secretshelf	1	0	GIF	NONE
secretspanker	1	1	GIF	NONE
seda1212	1	1	GIF	NONE
seeking-the-beautiful	1	0	GIF	NONE
segeorgiaspanker	1	1	GIF	NONE
segreti84	1	1	GIF	NONE
sensualspanking	1	0	GIF	NONE
sensualstripes	1	1	GIF	NONE
seriouslyspanked	1	1	GIF	NONE
severuslupercalis	1	1	GIF	NONE
sexxxualperversion	1	1	GIF	NONE
sexy-ass-spanking	1	0	GIF	NONE
sexy-girl-terri	1	0	GIF	NONE
sexy-spanking-chicks	1	1	GIF	NONE
sexy-spanking-girl	1	1	GIF	NONE
sexy-spankingalisha	1	1	GIF	NONE
sexy-spankingalycia	1	1	GIF	NONE
sexy-spankingamily	1	1	GIF	NONE
sexy-spankingemanuela	1	1	GIF	NONE
sexyasspics1	1	1	GIF	NONE
sexychicklori	1	1	GIF	NONE
sexyreadersworld	1	1	GIF	NONE
sexyspanked-slut	1	1	GIF	NONE
sexyspanking-chicks	1	1	GIF	NONE
sexyspankingbottoms	1	1	GIF	NONE
sexyspankingslut	1	1	GIF	NONE
sexyspankla	1	1	GIF	NONE
sexyspankspank	1	1	GIF	NONE
sexywomanginny	1	1	GIF	NONE
sgtkink	1	1	GIF	NONE
shameblushshame	1	1	GIF	NONE
shamecollector	1	1	GIF	NONE
shamedandabused	1	1	GIF	NONE
shamefacedhousewife	1	1	GIF	NONE
shameless-saphira-spanking	1	1	GIF	NONE
sheerpanty	1	1	GIF	NONE
shihan525	1	1	GIF	NONE
shirtsandpanties	1	0	GIF	NONE
shitthatmakesmehard3248	1	0	GIF	NONE
shortskirtredbottom	1	1	GIF	NONE
showman451	1	1	GIF	NONE
showusyourfuckpics	1	1	GIF	NONE
shylittlebaby	1	1	GIF	NONE
shyspankings	1	1	GIF	NONE
silent-voyeur	1	1	GIF	NONE
sileveselie	1	1	GIF	NONE
simplynakedworld	1	1	GIF	NONE
sinful-presliespanking	1	1	GIF	NONE
singleandsubmissive	1	1	GIF	NONE
singlechair	1	0	GIF	NONE
singlelittlesensual	1	1	GIF	NONE
sinuouslinesofbeauty	1	0	GIF	NONE
sir-axman	1	1	GIF	NONE
sir-dls	1	1	GIF	NONE
sir-jaime	1	1	GIF	NONE
sirandlittlesugar	1	1	GIF	NONE
sirdusangabrielson	1	1	GIF	NONE
sirlawrencfr	1	1	GIF	NONE
sirpaddle	1	1	GIF	NONE
sirpenance	1	1	GIF	NONE
sirslittlecumsluts	1	1	GIF	NONE
sirslittlecutie	1	1	GIF	NONE
sirspanksatx	1	1	GIF	NONE
sirstephen31	1	1	GIF	NONE
sirswhiskeyprincess	1	1	GIF	NONE
sirtolilbabygirl	1	1	GIF	NONE
sixotb	1	0	GIF	NONE
sjmme	1	1	GIF	NONE
skirtspankger	1	1	GIF	NONE
skooterbeans	1	1	GIF	NONE
skromnaya78	1	1	GIF	NONE
slavetrainer	1	0	GIF	NONE
slippering69	1	1	GIF	NONE
slut4dabutt	1	1	GIF	NONE
slutspanking	1	1	GIF	NONE
slutty-school-girls	1	1	GIF	NONE
smacbott	1	1	GIF	NONE
smacksinpants	0	0	GIF	NONE
smartassangel	1	1	GIF	NONE
smartinggasps	1	1	GIF	NONE
smokey61	1	1	GIF	NONE
smolpeach	1	1	GIF	NONE
snosneara	1	1	GIF	NONE
soforkingkinky	1	1	GIF	NONE
softlimitskink	1	1	GIF	NONE
sonbeaucul	1	1	GIF	NONE
soomzoo	1	1	GIF	NONE
sophie1085	1	1	GIF	NONE
sososfan	1	0	GIF	NONE
soveryangry	1	1	GIF	NONE
sp-art-blog	1	0	GIF	NONE
sp-kee	1	1	GIF	NONE
spank-and-slap-for-being-naughty	1	1	GIF	NONE
spank-gifs	1	1	GIF	NONE
spank-gifs	1	1	NONE	NONE
spank-her-like-you-mean-it	1	1	GIF	NONE
spank-me-daddy-blog	1	1	GIF	NONE
spank-me-hard-daddy	1	1	GIF	NONE
spank-me-otk	1	1	GIF	NONE
spank-my-dirty-mind	1	1	GIF	NONE
spank-n-yank	1	1	GIF	NONE
spank-punishment	1	0	GIF	NONE
spank-sara-sara	1	1	GIF	NONE
spank-the-milf	1	1	GIF	NONE
spank-thy-ass-blog	1	1	GIF	NONE
spank23spank	1	1	GIF	NONE
spankablebutts	1	0	GIF	NONE
spankables	1	1	GIF	NONE
spankaholic03	1	1	GIF	NONE
spankaholicc	1	1	GIF	NONE
spankamber	1	1	GIF	NONE
spankaway-archive	1	1	GIF	NONE
spankaway	1	1	GIF	NONE
spankchristycutie	1	1	GIF	NONE
spankcsk	1	0	GIF	NONE
spanked-and-fucked	1	1	GIF	NONE
spanked-ass	1	1	GIF	NONE
spanked-bottoms	1	1	GIF	NONE
spanked-wife	1	1	GIF	NONE
spanked1984	0	0	GIF	NONE
spankedandbelovedwife	1	1	GIF	NONE
spankedandlikedit	1	1	GIF	NONE
spankedangels2015	1	1	GIF	NONE
spankedassbitches	1	1	GIF	NONE
spankedbabygirl	1	0	GIF	NONE
spankedbby	1	0	GIF	NONE
spankedbutt	1	1	GIF	NONE
spankedbythelake	1	1	GIF	NONE
spankedcheeks	1	1	GIF	NONE
spankedcherryredbottoms	1	1	GIF	NONE
spankedcuties	1	1	GIF	NONE
spankedgirlsbottoms	1	1	GIF	NONE
spankedgirlz	1	1	GIF	NONE
spankedhard	1	1	GIF	NONE
spankednaughtybrat	1	1	GIF	NONE
spankednaughtybrat	1	1	GIF	NONE
spankednaughtygirl	1	1	GIF	NONE
spankednaughtygirls	1	1	GIF	NONE
spankedpink	1	1	GIF	NONE
spankedprincess7982	1	0	GIF	NONE
spankeds	1	1	GIF	NONE
spankedsoundly	1	0	GIF	NONE
spankedtotears	1	0	GIF	NONE
spankee-blog	1	1	GIF	NONE
spankee88888888	1	1	GIF	NONE
spankeevlc	1	1	GIF	NONE
spanker-oal	1	0	GIF	NONE
spanker141	1	1	GIF	NONE
spanker6176	1	1	GIF	NONE
spanker9	1	1	GIF	NONE
spankeralex	1	1	GIF	NONE
spankerforyou1	1	1	GIF	NONE
spankeroonie	1	1	GIF	NONE
spankertom	1	1	GIF	NONE
spankface	1	1	GIF	NONE
spankfor3ver	1	0	GIF	NONE
spankfun	1	1	GIF	NONE
spankhardplssir	1	1	GIF	NONE
spankhere	1	1	GIF	NONE
spankherperfectassnsfw	1	1	GIF	NONE
spankherstl	1	1	GIF	NONE
spankherxi	1	1	GIF	NONE
spankiatrist	1	1	GIF	NONE
spanking-and-cp	1	1	GIF	NONE
spanking-and-sex	1	1	GIF	NONE
spanking-animations	1	1	GIF	NONE
spanking-ass-gow	1	1	GIF	NONE
spanking-audition	1	1	GIF	NONE
spanking-blog	1	1	GIF	NONE
spanking-czyli-lanie-pupy	1	1	GIF	NONE
spanking-draw	1	0	GIF	NONE
spanking-exquisi	1	0	GIF	NONE
spanking-feeder	1	1	GIF	NONE
spanking-fessee2	1	1	GIF	NONE
spanking-girls-with-love	1	1	GIF	NONE
spanking-me	1	1	GIF	NONE
spanking-over18ka	1	1	GIF	NONE
spanking-philosopher	1	1	GIF	NONE
spanking-photographs	1	1	GIF	NONE
spanking-reviews	1	1	GIF	NONE
spanking-stationpg	1	1	GIF	NONE
spanking-zonere	1	1	GIF	NONE
spanking	1	1	GIF	NONE
spanking59	1	1	GIF	NONE
spanking75	1	1	GIF	NONE
spanking87	1	0	GIF	NONE
spankingafficionardo	1	1	GIF	NONE
spankingafternoon	1	1	GIF	NONE
spankingamateur	1	1	GIF	NONE
spankingandcaning	1	1	GIF	NONE
spankinganddiscipline	1	1	GIF	NONE
spankinganduniforms	1	1	GIF	NONE
spankingarchiveqm	1	1	GIF	NONE
spankingarse	1	1	GIF	NONE
spankingart	1	1	GIF	NONE
spankingassesblog	1	1	GIF	NONE
spankingblog	1	1	GIF	NONE
spankingblogg	1	1	GIF	NONE
spankingclimber	1	1	GIF	NONE
spankingcorner	1	1	GIF	NONE
spankingcutebutts	1	1	GIF	NONE
spankingdaddyy-blog	1	0	GIF	NONE
spankingdatass	1	1	GIF	NONE
spankingdisciplinarian	1	1	GIF	NONE
spankingeindhoven-blog	1	1	GIF	NONE
spankingfacesandcornertime	1	1	GIF	NONE
spankingfacesandpain	1	1	GIF	NONE
spankingfetishh	1	1	GIF	NONE
spankinggif	1	1	GIF	NONE
spankinggirls	1	1	GIF	NONE
spankinggirlsbottoms	1	1	GIF	NONE
spankinghusband	1	1	GIF	NONE
spankinghusite	1	1	GIF	NONE
spankingimpact	1	1	GIF	NONE
spankinginpenticton	1	1	GIF	NONE
spankingjennyjones	1	1	GIF	NONE
spankingjuarchive	1	1	GIF	NONE
spankingkuporn	1	1	GIF	NONE
spankinglatestok	1	1	GIF	NONE
spankinglatino	1	1	GIF	NONE
spankinglisthy	1	1	GIF	NONE
spankinglivepleasurable	1	0	GIF	NONE
spankingmackenzie	1	1	GIF	NONE
spankingmehard	1	1	GIF	NONE
spankingmeisje	1	1	GIF	NONE
spankingnaughtygirls	1	0	GIF	NONE
spankingnl	1	1	GIF	NONE
spankingorbust	1	1	GIF	NONE
spankingorelse	1	0	GIF	NONE
spankingorlandoasses-blog	1	1	GIF	NONE
spankingpalermo	1	0	GIF	NONE
spankingpanties	1	1	GIF	NONE
spankingpicturestories	1	0	GIF	NONE
spankingresource-blog	1	1	GIF	NONE
spankingriselection	1	1	GIF	NONE
spankings101	1	1	GIF	NONE
spankings223	1	1	GIF	NONE
spankingsailor	1	1	GIF	NONE
spankingsandsuch-blog1	1	1	GIF	NONE
spankingschoolgirls	1	0	GIF	NONE
spankingspankingspanking	1	1	GIF	NONE
spankingsphere	1	1	GIF	NONE
spankingsplease	1	0	GIF	NONE
spankingspluspussy	1	0	GIF	NONE
spankingstories-blog	1	1	GIF	NONE
spankingsubmissive-blog	1	1	GIF	NONE
spankingsvsex	1	1	GIF	NONE
spankingswitchct	1	1	GIF	NONE
spankingtheatre	1	1	GIF	NONE
spankingvids69	1	1	GIF	NONE
spankingwall	1	1	GIF	NONE
spankingwriters	1	1	GIF	NONE
spankingzbselection	1	1	GIF	NONE
spankingzimmer	1	1	GIF	NONE
spankingzonenuttyabout	1	1	GIF	NONE
spankinkandsubmission	1	1	GIF	NONE
spankinvixen	1	1	GIF	NONE
spankjapanesegirls	1	1	GIF	NONE
spanklng	1	1	GIF	NONE
spankm3hrd	1	1	GIF	NONE
spankmandy	1	1	GIF	NONE
spankmaster1965	1	1	GIF	NONE
spankme1988	1	1	GIF	NONE
spankme7	1	1	GIF	NONE
spankme83	1	0	GIF	NONE
spankmedad	1	1	GIF	NONE
spankmedaddy0304	1	1	GIF	NONE
spankmedaddy1106-blog-blog	1	1	GIF	NONE
spankmeharddaddy	1	1	GIF	NONE
spankmehardersir	0	0	GIF	NONE
spankmehurtme	1	1	GIF	NONE
spankmelon	1	1	GIF	NONE
spankmeloveme	1	1	GIF	NONE
spankmemommy	1	1	GIF	NONE
spankmeredblue	1	1	GIF	NONE
spankmesir	1	1	GIF	NONE
spankmesir96	1	1	GIF	NONE
spankmetotears	1	0	GIF	NONE
spankmeyours	1	1	GIF	NONE
spankmybumbum	1	1	GIF	NONE
spankmyslutwife	1	1	GIF	NONE
spankmywifesass	1	0	GIF	NONE
spanknspreadher	1	0	GIF	NONE
spanko75	1	1	GIF	NONE
spanko77	1	0	GIF	NONE
spankomite	1	1	GIF	NONE
spankophile41	1	0	GIF	NONE
spankopotamus	1	1	GIF	NONE
spankoprof	1	1	GIF	NONE
spankorfuck	1	1	GIF	NONE
spankreadgirls	1	1	GIF	NONE
spanks-and-cuddles	1	1	GIF	NONE
spanks-and-cuddles	1	1	GIF	NONE
spanks-intense	1	1	GIF	NONE
spanks-please	1	0	GIF	NONE
spanks30	1	1	GIF	NONE
spanksalotprincess	1	0	GIF	NONE
spankshergood	1	1	GIF	NONE
spanksmeverymuchplease	1	0	GIF	NONE
spanksu2	1	1	GIF	NONE
spanksyou-2012	1	1	GIF	NONE
spanktheslut	1	1	GIF	NONE
spanktraining	1	0	GIF	NONE
spankuntilitstings	1	1	GIF	NONE
spankurbuttred21	1	1	GIF	NONE
spankverynaughtygirls	1	0	GIF	NONE
spankwhisperer	1	1	GIF	NONE
spanky17sblog	1	0	GIF	NONE
spankybutts	1	0	GIF	NONE
spankyou-verymuch	1	1	GIF	NONE
spankypinky	1	1	GIF	NONE
spartan0142	1	1	GIF	NONE
spcutie	1	0	GIF	NONE
specialass	1	1	GIF	NONE
specialchastisements	1	1	GIF	NONE
specialspanking	1	1	GIF	NONE
speedman1983	1	1	GIF	NONE
spinella-liz2994g	1	1	GIF	NONE
spinnerasses	1	1	GIF	NONE
spk-bank	1	1	GIF	NONE
spk2	1	0	GIF	NONE
spkher1	1	1	GIF	NONE
spkvds	1	0	GIF	NONE
spnkpls	1	1	GIF	NONE
spyyder	1	1	GIF	NONE
starbornestower	1	1	GIF	NONE
starbornestower	1	1	GIF	NONE
starwitchylittle	1	1	GIF	NONE
stemur	0	1	GIF	NONE
sticks24	1	1	GIF	NONE
stockholmcoupleblog	1	1	GIF	NONE
straight-outta-box	1	1	GIF	NONE
strict-consequence	1	1	GIF	NONE
strict-female-discipline	1	1	GIF	NONE
strict-maternal-discipline	1	1	GIF	NONE
strict-mommy-gen	1	0	GIF	NONE
strictandtender	1	0	GIF	NONE
strictcaringsir	1	1	GIF	NONE
stricthohcple	1	1	GIF	NONE
strictjane	1	1	GIF	NONE
strictlydominantdaddy	1	1	GIF	NONE
strictlyspanking	1	1	GIF	NONE
strictmomjane	1	1	GIF	NONE
strictsir1	1	1	GIF	NONE
strictsircrispin	1	1	GIF	NONE
strictworld	1	0	GIF	NONE
striphernaked	1	1	GIF	NONE
subcaptivated	1	1	GIF	NONE
subgirl88	1	1	GIF	NONE
submissive-positions	1	0	GIF	NONE
submissive-scorpio	1	1	GIF	NONE
submissivecollegegirl	1	1	GIF	NONE
submissivefeminist	1	1	GIF	NONE
submissiveginger	1	1	GIF	NONE
submissivespankedgirl	1	1	GIF	grann
subsservetheirmaster	1	1	GIF	NONE
suburbanspanking	1	1	GIF	NONE
subwifelovesmaster	1	1	GIF	NONE
sugareffy	1	1	GIF	NONE
sugarmegan20	1	1	GIF	NONE
suicidegirls	1	1	GIF	NONE
supercoq1	1	0	GIF	NONE
superflyscraper	1	1	GIF	NONE
suzique6969	1	1	GIF	NONE
swarmofcows	1	0	GIF	NONE
swatsunlimited	1	1	GIF	NONE
sweet-and-bottomless	1	1	GIF	NONE
sweetandslutty	1	1	GIF	NONE
sweetcheekclementine	0	1	GIF	NONE
sweetlyshadowybasement	1	1	GIF	NONE
sweetpea-the-sub	1	1	GIF	NONE
sweetslaps	1	1	GIF	NONE
sweetwaywardflower	1	1	GIF	NONE
swiss-spank	1	0	GIF	NONE
switchotk-blog	1	1	GIF	NONE
switchotk	1	1	GIF	NONE
swordmasterduncan	1	1	GIF	NONE
sxyangelslut	1	1	GIF	NONE
takeyourspankings	1	1	GIF	NONE
takingprincess	1	1	GIF	NONE
talesofnaughtiness	1	1	GIF	NONE
tammyspk14	1	1	GIF	NONE
tanherhide	1	1	GIF	NONE
tanmynaughtyfanny	1	1	GIF	NONE
tannerhydered	1	1	GIF	NONE
tasksforsubsandslaves	1	1	GIF	NONE
tatted-taylor	1	1	GIF	NONE
tdfrenchman	1	1	GIF	NONE
teachinglittlelessons2013	1	1	GIF	NONE
teasetospank	1	0	GIF	NONE
teen-girls-are-the-sexiest	1	0	GIF	NONE
teenaersche	1	1	GIF	NONE
teenspankingbottoms	1	1	GIF	NONE
teenspankings	1	1	GIF	NONE
teh-bear80	1	1	GIF	NONE
tellmeimintrouble	1	0	GIF	NONE
tenamorette	1	1	GIF	NONE
termie-termite	1	0	GIF	NONE
terminator-6	1	1	GIF	NONE
tessthebrat	1	1	GIF	NONE
thadisciplinarian	1	1	GIF	NONE
thatgurl12354	1	0	GIF	NONE
the-art-of-spanking	1	1	NONE	NONE
the-beautyofthe-booty	1	1	GIF	NONE
the-red-bottom-club	1	1	GIF	NONE
the-redhead-queens	1	0	GIF	NONE
the-spanking-corner	1	0	GIF	NONE
the-unexpected-submissive	1	1	GIF	NONE
theamazingjrod	1	1	GIF	NONE
theartofpunishment	1	1	GIF	NONE
thebrokeasscollegegirl	1	1	GIF	NONE
theclearvibe	1	1	GIF	NONE
thecutesexhibitionist	1	1	GIF	NONE
thedailyotk	1	1	GIF	NONE
thedomway	1	1	GIF	NONE
thedreamsofainok	1	1	GIF	NONE
theenglishvice	1	1	GIF	NONE
theerotictrip	1	1	GIF	NONE
thegingerholic	1	1	GIF	NONE
thehouseofillrepute	1	1	GIF	NONE
thehumiliater	1	1	GIF	NONE
theirishmonocle	1	1	GIF	NONE
theirishspankee	1	1	GIF	NONE
theirishspankeevone	1	1	GIF	NONE
themarksremain	1	1	GIF	NONE
thenightowlhoots	1	0	GIF	NONE
theoldfashionspanking	1	1	GIF	NONE
theolgrinddaddy	1	1	GIF	NONE
theotkgirl	1	0	GIF	NONE
thepantylessexperience	1	1	GIF	NONE
thepinkpapers	1	1	GIF	NONE
thepoeticsir	1	1	GIF	NONE
theproofisinthepuddle.com	1	1	GIF	NONE
therealgingerspanker	1	1	GIF	NONE
therealmissrain	1	0	GIF	NONE
theruleset	1	1	GIF	NONE
thesafewordis	1	1	GIF	NONE
thesassystick	1	1	GIF	NONE
thespankedone	1	0	GIF	NONE
thespankingchair	1	1	GIF	NONE
thespankingofyourlife	1	1	GIF	NONE
thespankozone	1	1	GIF	NONE
thickass-inpanties	1	0	GIF	NONE
thickbutt	1	0	GIF	NONE
thongandknicker	1	1	GIF	NONE
thongs-are-a-pain-in-the-arse	1	1	GIF	NONE
thongspanking	1	1	GIF	NONE
tickleteeth	1	1	GIF	NONE
tightasses	1	0	GIF	NONE
timeforbuttsandspankings	1	1	GIF	NONE
timtheman1991	1	1	GIF	NONE
tinas-reality	1	1	GIF	NONE
tinyblackcotton	1	1	GIF	NONE
toddhunter255	1	1	GIF	NONE
tokujiro	1	1	GIF	NONE
tomassodk-spanking-caning	1	0	GIF	NONE
tony64	1	1	GIF	NONE
topcat-bottomcat	1	1	GIF	NONE
topnbottom	1	1	GIF	NONE
topspanks	1	1	GIF	NONE
torturedtitties	1	1	GIF	NONE
torturepain	0	1	GIF	NONE
toughguy90813	1	1	GIF	NONE
trainingsophie	1	1	GIF	NONE
trask888	1	1	GIF	NONE
traumtanzschule	1	0	GIF	NONE
treadmill-2-oblivion	1	1	GIF	NONE
tricia-needs-a-spanking	1	1	GIF	NONE
tush	1	0	GIF	NONE
typhoidmary90	1	1	GIF	NONE
ugh-morality-sucks	1	1	GIF	NONE
ultra-redbottomedboy	1	0	GIF	NONE
ultraclarissalove	1	0	GIF	NONE
ultraeroticdrawings	1	1	GIF	NONE
umiumiumi	1	1	GIF	NONE
underthebubble	1	1	GIF	NONE
undress-me-anywhere	1	1	GIF	NONE
upfrombehind	1	0	GIF	NONE
upskirt-voyeur-69	1	1	GIF	NONE
upskirt83content	1	1	GIF	NONE
url-be-sorry	1	0	GIF	NONE
usedpanties	0	1	GIF	NONE
valiantcollectivebeard	1	1	GIF	NONE
vatersay	1	0	GIF	NONE
veralsi-spankque	1	1	GIF	NONE
veralsi-spanks-tushy	1	1	GIF	NONE
veritycaine	1	1	GIF	NONE
veroniquencz6m	1	1	GIF	NONE
verziehen	1	1	GIF	NONE
view-up-the-skirt	1	1	GIF	NONE
vil1titdiab	1	1	GIF	NONE
virgator014	1	1	GIF	NONE
vivelesculottes	1	1	GIF	NONE
vivi-dolce	1	1	GIF	NONE
vl0805	1	1	GIF	NONE
vysokov5g40er2	1	1	GIF	NONE
w00dgreen	1	1	GIF	NONE
waistcannonguy	1	1	GIF	NONE
wanksforspanks	1	1	GIF	NONE
wannabeyourtrophywife	1	1	GIF	NONE
warmbunswarmheart	1	1	GIF	NONE
wastingtiming	1	1	GIF	NONE
watcherbiz	1	1	GIF	NONE
wedgie-spank-girls	1	1	GIF	NONE
wedgiewomen	1	1	GIF	NONE
well-rounded-beauties	1	1	GIF	NONE
wellbehavedyounglady	1	0	GIF	NONE
wellhairbrushedhubby	1	1	GIF	NONE
welovecheeks	1	1	GIF	NONE
werenotdomeyet	1	1	GIF	NONE
wesstew	1	1	GIF	NONE
whataspank	1	1	GIF	NONE
whatisthebestfetish	1	1	GIF	NONE
whatmakesmewet	1	1	GIF	NONE
whcollins	1	1	GIF	NONE
whipher	1	1	GIF	NONE
whipped-ass-blog	1	1	GIF	NONE
whipped-ass	1	1	GIF	NONE
whippedandscreaming2	1	1	GIF	NONE
whippingasses	1	1	GIF	NONE
whippingmen-women2	1	1	GIF	NONE
whitecottonpanties	1	1	GIF	NONE
whysmer	1	1	GIF	NONE
wifespankedtotears	1	1	GIF	NONE
wifespanking	1	1	GIF	NONE
wildchilduk	1	1	GIF	NONE
windupskirt	1	1	GIF	NONE
wisecoffeedrinker	1	1	GIF	NONE
wltchslap	1	1	GIF	NONE
women-get-spankloved	1	1	GIF	NONE
women-men-derrieres	1	1	GIF	NONE
women-sans-culottes	1	1	GIF	NONE
womenarechildren	1	1	GIF	NONE
womenwithotherwomen	0	1	GIF	NONE
woodenspoonguy	1	1	GIF	NONE
wordsonthebottom	1	1	GIF	NONE
worldsgreatestasses	1	1	GIF	NONE
worshipspanking	1	1	GIF	NONE
worthlesswoman30	1	1	GIF	NONE
x-x-x-butts	1	0	GIF	NONE
xnymphx	1	1	GIF	NONE
xoxo-babycakes	1	1	GIF	NONE
xoxo-beth	1	0	GIF	NONE
xoxo-for-you-now	1	1	GIF	NONE
xxxgingergirlxxx	1	0	GIF	NONE
yamaha1rider	1	1	GIF	NONE
yangheesun	1	1	GIF	NONE
yesemberposts	0	0	GIF	NONE
yesmrwhite	1	1	GIF	NONE
yessweetie	1	1	GIF	NONE
ynhumiliator	1	1	GIF	NONE
youneedthefear	1	1	GIF	NONE
your-wolfman	1	1	GIF	NONE
yourbectylerme	1	1	GIF	NONE
yourhermaster	1	1	GIF	NONE
yoursweetpeach	1	1	GIF	NONE
yummycummytoe	1	0	GIF	NONE
yuukicat	1	1	GIF	NONE
yvettecurvette	1	0	GIF	NONE
z-cafe	1	1	GIF	NONE
zapatillazos69	1	1	GIF	NONE
zayaspankingrevitalizing	1	1	GIF	NONE
zishy	1	1	GIF	NONE
